`name`,`email`
Lissi Bronot,lbronot0@examiner.com
Kaspar Philipot,kphilipot1@wikia.com
Aloisia Beeswing,abeeswing2@miitbeian.gov.cn
Fonsie Gravenell,fgravenell3@wunderground.com
Aidan Piddlesden,apiddlesden4@wired.com
Noreen Waiting,nwaiting5@paypal.com
Colin Legrave,clegrave6@un.org
Dur Liveley,dliveley7@live.com
Essie Yesenin,eyesenin8@mlb.com
Esteban Cops,ecops9@buzzfeed.com
Ilse Maitland,imaitlanda@noaa.gov
Sonia Pariss,sparissb@yahoo.com
Anabal Gymblett,agymblettc@cnn.com
Phil Birchenough,pbirchenoughd@a8.net
Ronny Mattiassi,rmattiassie@netscape.com
Collete Staley,cstaleyf@goodreads.com
Tobie Pietrowicz,tpietrowiczg@europa.eu
Allie Bawcock,abawcockh@goo.ne.jp
Jemmie Favela,jfavelai@hexun.com
Barr Hannabuss,bhannabussj@miitbeian.gov.cn
Alaster Saturley,asaturleyk@amazon.co.uk
Darrell Bolduc,dbolducl@samsung.com
Brita Allright,ballrightm@biglobe.ne.jp
Retha Kelner,rkelnern@w3.org
Ginger Kinnar,gkinnaro@google.ca
Jasen Basilio,jbasiliop@phoca.cz
Emmi Tomashov,etomashovq@g.co
Darlleen Postance,dpostancer@exblog.jp
Rita Sargeant,rsargeants@infoseek.co.jp
Olvan Negal,onegalt@uiuc.edu
Mycah Vuittet,mvuittet0@hibu.com
Carlota Brokenbrow,cbrokenbrow1@facebook.com
Claudine Smogur,csmogur2@tmall.com
Dehlia Cushe,dcushe3@home.pl
Tildi Stroton,tstroton4@aboutads.info
Mirabelle Riolfo,mriolfo5@hexun.com
Barde Mackerness,bmackerness6@latimes.com
Andriette Leary,aleary7@google.fr
Carmella Andraud,candraud8@infoseek.co.jp
Thornton Kenyon,tkenyon9@ow.ly
Selma Newbold,snewbolda@taobao.com
Sharity Gimert,sgimertb@hostgator.com
Sutherland Olivera,soliverac@imgur.com
Michaeline Birtonshaw,mbirtonshawd@ycombinator.com
Llewellyn Picken,lpickene@cnet.com
Aimil Court,acourtf@qq.com
Dayna Feldfisher,dfeldfisherg@cnn.com
Kinny Chrichton,kchrichtonh@hhs.gov
Marjy Guild,mguildi@hc360.com
Willa Pellew,wpellewj@census.gov
Kelby Gulland,kgullandk@liveinternet.ru
Berni Juckes,bjuckesl@blogtalkradio.com
Rand Peet,rpeetm@woothemes.com
Clevie Berrow,cberrown@guardian.co.uk
Aleen Novacek,anovaceko@bizjournals.com
Nissie Courtois,ncourtoisp@google.com.br
Annette Robertet,arobertetq@shareasale.com
Rurik Farry,rfarryr@accuweather.com
Laina Sharrocks,lsharrockss@businesswire.com
Brannon Kinder,bkindert@elegantthemes.com
